"month","price","dateSold","livingArea","bedrooms","bathrooms","yearBuilt","elevation","numPhoto","zeroPhoto","recent","roosevelt","combined","goodElem","chars","words","wordLen","r5","r7","r10","parcel","landValue","mf","mfArea","mfBed","mfBath","mfYear","a1","a2","a3","minLotApt","maxDensity","minLotOne","numDwellings","res","midElem","rating","Freq","seasonal","time","timeAbs","pr10","pr7","pr5","pacNSA","pacSA","usNSA","usSA","hiSA"
2018-04-01,1763875,29,2480,4,2,1957,80,-4,1,0,1,62.5,0,245,47,5.21276595744681,0,0,1,11807.4101904,11807.4101904,0,0,0,0,0,0,0,0,0,0,10000,1,1,1,9,3,0.478733840115788,29.4787338401158,351,11807.4101904,0,0,303.68,300.48,259.91,257.26,245.69
2018-04-01,1273192,27,1933,4,2.5,1954,117,-4,1,0,1,77.5,1,291,54,5.38888888888889,0,1,0,7539.05988,3769.52994,0,0,0,0,0,0,0,0,0,0,7500,2,1,0,9,3,0.448229341740411,27.4482293417404,353,0,7539.05988,0,303.68,300.48,259.91,257.26,245.69
2018-04-01,1000800,34,2246,4,3.5,1968,199,-1,1,0,1,77.5,1,296,54,5.48148148148148,0,1,0,8154.4141404,4077.2070702,0,0,0,0,0,0,0,0,0,0,7500,2,1,0,9,3,0.55243531316762,34.5524353131676,346,0,8154.4141404,0,303.68,300.48,259.91,257.26,245.69
2018-05-01,195000,59,525,1,1,1958,29,-4,1,0,1,62.5,0,284,55,5.16363636363636,0,0,0,7336.220562,366.8110281,1,525,1,1,1958,0,1,0,10000,0.0019,0,13.9388190678,0,1,9,4,0.849817091527528,59.8498170915275,321,0,0,0,305.62,301.27,263.03,258.74,245.69
2018-05-01,1101000,60,1266,3,2,1931,54,-3,1,0,1,85.5,1,759,132,5.75,0,1,0,4359.1171536,2179.5585768,0,0,0,0,0,0,0,0,0,0,7500,2,1,0,9,4,0.858763958275803,60.8587639582758,320,0,4359.1171536,0,305.62,301.27,263.03,258.74,245.69
2018-05-01,1885000,43,3155,4,3,1934,86,-4,1,0,1,85.5,1,293,54,5.42592592592593,0,1,0,6549.8458212,3274.9229106,0,0,0,0,0,0,0,0,0,0,7500,2,1,0,9,4,0.674443618832945,43.6744436188329,337,0,6549.8458212,0,305.62,301.27,263.03,258.74,245.69
2018-05-01,530000,47,936,2,2,1968,41,-4,1,0,1,62.5,0,900,146,6.16438356164384,0,0,0,10898.666262,544.9333131,1,936,2,2,1968,0,1,0,10000,0.0019,0,20.7074658978,0,1,9,4,0.723644038295912,47.7236440382959,333,0,0,0,305.62,301.27,263.03,258.74,245.69
2018-06-01,299000,96,680,2,1,1968,20,7,0,0,0,47,0,431,68,6.33823529411765,0,0,0,7761.1906152,388.05953076,1,680,2,1,1968,0,1,0,10000,0.0019,0,14.74626216888,0,0,5,12,0.99665890175417,96.9966589017542,284,0,0,0,307.01,303.38,264.7,259.89,245.69
2018-06-01,325000,77,563,1,1,1965,33,-4,1,0,1,62.5,0,399,69,5.78260869565217,0,0,0,8692.1510148,434.60755074,1,563,1,1,1965,0,1,0,10000,0.0019,0,16.51508692812,0,1,9,12,0.970063921851507,77.9700639218515,303,0,0,0,307.01,303.38,264.7,259.89,245.69
2018-06-01,1280000,76,2116,4,2,1956,71,-4,1,0,1,85.5,1,602,86,7,0,1,0,8266.1194044,4133.0597022,0,0,0,0,0,0,0,0,0,0,7500,2,1,0,9,12,0.965739937654855,76.9657399376549,304,0,8266.1194044,0,307.01,303.38,264.7,259.89,245.69
2018-06-01,259000,77,450,0,1,1973,65,2,0,0,1,62.5,0,446,68,6.55882352941176,0,0,0,9614.0030184,480.70015092,1,450,0,1,1973,0,1,0,10000,0.0019,0,18.26660573496,0,1,9,12,0.970063921851507,77.9700639218515,303,0,0,0,307.01,303.38,264.7,259.89,245.69
2018-06-01,1325000,78,2300,4,3,1958,101,-4,1,0,1,77.5,1,403,63,6.3968253968254,0,0,1,11157.9075036,11157.9075036,0,0,0,0,0,0,0,0,0,0,10000,1,1,0,9,12,0.97410045517242,78.9741004551724,302,11157.9075036,0,0,307.01,303.38,264.7,259.89,245.69
2018-06-01,1000000,88,2021,4,3.5,1959,81,-4,1,0,1,85.5,1,292,54,5.40740740740741,0,1,0,6128.1919908,3064.0959954,0,0,0,0,0,0,0,0,0,0,7500,2,1,0,9,12,0.998435421155564,88.9984354211556,292,0,6128.1919908,0,307.01,303.38,264.7,259.89,245.69
2018-06-01,1200000,85,1512,3,2,1962,73,-4,1,0,1,77.5,1,290,54,5.37037037037037,0,1,0,7380.5054004,3690.2527002,0,0,0,0,0,0,0,0,0,0,7500,2,1,0,9,12,0.994217906893952,85.994217906894,295,0,7380.5054004,0,307.01,303.38,264.7,259.89,245.69
2018-06-01,1300000,72,2407,3,3,1973,263,-4,1,0,1,77.5,1,173,34,5.08823529411765,0,0,0,49781.76192,24890.88096,0,0,0,0,0,0,0,0,0,0,5000,2,0,0,9,12,0.945596387427142,72.9455963874271,308,0,0,0,307.01,303.38,264.7,259.89,245.69
2018-06-01,990000,88,1226,3,2,1961,66,11,0,0,1,77.5,1,1053,183,5.75409836065574,0,1,0,7499.2817592,3749.6408796,0,0,0,0,0,0,0,0,0,0,7500,2,1,0,9,12,0.998435421155564,88.9984354211556,292,0,7499.2817592,0,307.01,303.38,264.7,259.89,245.69
2018-06-01,1485000,84,1673,3,3,1948,54,-4,1,0,1,85.5,1,784,131,5.98473282442748,0,1,0,4916.4338124,2458.2169062,0,0,0,0,0,0,0,0,0,0,7500,2,1,0,9,12,0.992222209417932,84.9922222094179,296,0,4916.4338124,0,307.01,303.38,264.7,259.89,245.69
2018-06-01,1326000,78,1864,2,2,1954,408,6,0,0,1,62.5,0,166,25,6.64,0,0,0,51553.1419524,25776.5709762,0,0,0,0,0,0,0,0,0,0,5000,2,0,1,9,12,0.97410045517242,78.9741004551724,302,0,0,0,307.01,303.38,264.7,259.89,245.69
2018-06-01,1300000,72,2199,3,2,1980,214,20,0,0,1,77.5,1,282,45,6.26666666666667,0,0,0,28739.97324,14369.98662,0,0,0,0,0,0,0,0,0,0,5000,2,0,0,9,12,0.945596387427142,72.9455963874271,308,0,0,0,307.01,303.38,264.7,259.89,245.69
2018-07-01,241500,117,463,1,1,1962,50,-4,1,0,1,62.5,0,679,111,6.11711711711712,0,0,0,8420.38758,421.019379,1,463,1,1,1962,0,1,0,10000,0.0019,0,15.998736402,0,1,9,7,0.903355802324684,117.903355802325,263,0,0,0,307.62,303.93,265.5,260.79,246.17
2018-07-01,1265000,111,1424,3,2,1979,60,-4,1,0,1,77.5,1,760,122,6.22950819672131,0,1,0,6722.039808,3361.019904,0,0,0,0,0,0,0,0,0,0,7500,2,1,0,9,7,0.942761143390421,111.94276114339,269,0,6722.039808,0,307.62,303.93,265.5,260.79,246.17
2018-07-01,1650000,110,3920,5,3,1961,64,-4,1,0,1,77.5,1,796,115,6.92173913043478,0,1,0,8108.227908,4054.113954,0,0,0,0,0,0,0,0,0,0,7500,2,1,0,9,7,0.948361580012172,110.948361580012,270,0,8108.227908,0,307.62,303.93,265.5,260.79,246.17
2018-07-01,600000,127,1221,2,2,1967,19,9,0,0,1,43,0,390,53,7.35849056603774,0,0,0,21434.3365896,428.686731792,1,1221,2,2,1967,0,0,1,15000,0.0028,0,60.01614245088,0,0,6,7,0.816538051445916,127.816538051446,253,0,0,0,307.62,303.93,265.5,260.79,246.17
2018-07-01,670000,104,1349,2,2,1981,23,-4,1,0,1,62.5,0,800,133,6.01503759398496,0,0,0,64951.2304848,3247.56152424,1,1349,2,2,1981,0,1,0,10000,0.0019,0,123.40733792112,0,1,9,7,0.976010550632368,104.976010550632,276,0,0,0,307.62,303.93,265.5,260.79,246.17
2018-07-01,1410492,112,2204,6,3,1958,67,-4,1,0,1,77.5,1,764,117,6.52991452991453,0,1,0,7580.0576808,3790.0288404,0,0,0,0,0,0,0,0,0,0,7500,2,1,0,9,7,0.936881346295432,112.936881346295,268,0,7580.0576808,0,307.62,303.93,265.5,260.79,246.17
2018-07-01,1500000,102,2753,5,4,1959,81,-4,1,0,1,77.5,1,294,55,5.34545454545455,0,1,0,9029.0218392,4514.5109196,0,0,0,0,0,0,0,0,0,0,7500,2,1,0,9,7,0.982926551979982,102.98292655198,278,0,9029.0218392,0,307.62,303.93,265.5,260.79,246.17
2018-08-01,1500000,148,3442,5,5,1954,177,-4,1,0,1,77.5,1,287,51,5.62745098039216,0,0,1,11138.8378068,11138.8378068,0,0,0,0,0,0,0,0,0,0,10000,1,1,0,9,7,0.559589262410177,148.55958926241,232,11138.8378068,0,0,309.75,306.78,266.16,262.19,246.17
2018-08-01,359000,155,613,2,1,1969,23,4,0,0,0,47,0,295,50,5.9,0,0,0,5778.4552848,288.92276424,1,613,2,1,1969,0,1,0,10000,0.0019,0,10.97906504112,0,0,5,7,0.455906693508459,155.455906693508,225,0,0,0,309.75,306.78,266.16,262.19,246.17
2018-08-01,750000,152,1362,3,2,2000,50,-3,1,0,1,62.5,0,288,55,5.23636363636364,0,0,0,10341.326952,517.0663476,1,1362,3,2,2000,0,1,0,10000,0.0019,0,19.6485212088,0,1,9,7,0.501241813445776,152.501241813446,228,0,0,0,309.75,306.78,266.16,262.19,246.17
2018-08-01,298000,154,580,1,1,1971,29,-4,1,0,1,43,0,148,21,7.04761904761905,0,0,0,13070.411046,261.40822092,1,580,1,1,1971,0,0,1,15000,0.0028,0,36.5971509288,0,0,6,7,0.471159507673864,154.471159507674,226,0,0,0,309.75,306.78,266.16,262.19,246.17
2018-08-01,1250000,145,1563,3,2,1924,62,-4,1,0,1,85.5,1,299,49,6.10204081632653,0,1,0,6482.87145,3241.435725,0,0,0,0,0,0,0,0,0,0,7500,2,1,0,9,7,0.601624063224923,145.601624063225,235,0,6482.87145,0,309.75,306.78,266.16,262.19,246.17
2018-08-01,933000,139,1430,5,2,1979,10,-4,1,0,1,43,0,242,44,5.5,1,0,0,4458.2601492,1114.5650373,0,0,0,0,0,0,0,0,0,0,5000,4,1,0,6,7,0.680773409477016,139.680773409477,241,0,0,4458.2601492,309.75,306.78,266.16,262.19,246.17
2018-08-01,1400000,161,1950,5,2,1955,52,-4,1,0,1,85.5,1,590,90,6.55555555555556,0,1,0,7260.2331912,3630.1165956,0,0,0,0,0,0,0,0,0,0,7500,2,1,0,9,7,0.361713730729768,161.36171373073,219,0,7260.2331912,0,309.75,306.78,266.16,262.19,246.17
2018-09-01,310000,166,584,1,1,1966,21,11,0,0,0,47,0,786,115,6.83478260869565,0,0,0,16713.6418152,835.68209076,1,584,1,1,1966,0,1,0,10000,0.0019,0,31.75591944888,0,0,5,8,0.280230675199216,166.280230675199,214,0,0,0,308.13,305.87,265.37,262.48,246.17
2018-09-01,375000,176,1028,2,2,1970,16,-4,1,0,0,47,0,290,55,5.27272727272727,0,0,0,8257.784634,412.8892317,1,1028,2,2,1970,0,1,0,10000,0.0019,0,15.6897908046,0,0,5,8,0.111659007121695,176.111659007122,204,0,0,0,308.13,305.87,265.37,262.48,246.17
2018-09-01,1342150,183,1828,4,2.5,1948,110,-4,1,0,1,77.5,1,788,120,6.56666666666667,0,0,1,9864.5318244,9864.5318244,0,0,0,0,0,0,0,0,0,0,10000,1,1,0,9,8,-0.00860699688868801,182.991393003111,197,9864.5318244,0,0,308.13,305.87,265.37,262.48,246.17
2018-09-01,1900000,167,3504,4,2.5,1998,81,-4,1,0,1,77.5,1,731,126,5.8015873015873,0,1,0,7860.1267008,3930.0633504,0,0,0,0,0,0,0,0,0,0,7500,2,1,0,9,8,0.263665492728007,167.263665492728,213,0,7860.1267008,0,308.13,305.87,265.37,262.48,246.17
2018-09-01,1135000,188,2279,4,2.5,2012,30,-4,1,0,1,85.5,1,227,42,5.40476190476191,1,0,0,4998.6376308,1249.6594077,0,0,0,0,0,0,0,0,0,0,5000,4,1,0,9,8,-0.0945367498171989,187.905463250183,192,0,0,4998.6376308,308.13,305.87,265.37,262.48,246.17
2018-09-01,349000,177,786,2,1,1966,73,-4,1,0,1,62.5,0,699,126,5.54761904761905,0,0,0,14930.0837136,746.50418568,1,786,2,1,1966,0,1,0,10000,0.0019,0,28.36715905584,0,1,9,8,0.0945367498171996,177.094536749817,203,0,0,0,308.13,305.87,265.37,262.48,246.17
2018-09-01,1395000,166,2582,3,3,1959,82,-4,1,0,1,77.5,1,694,126,5.50793650793651,0,1,0,8084.7525528,4042.3762764,0,0,0,0,0,0,0,0,0,0,7500,2,1,0,9,8,0.280230675199216,166.280230675199,214,0,8084.7525528,0,308.13,305.87,265.37,262.48,246.17
2018-09-01,317000,174,501,1,1,1969,21,-4,1,0,0,47,0,509,84,6.05952380952381,0,0,0,7518.6842544,375.93421272,1,501,1,1,1969,0,1,0,10000,0.0019,0,14.28550008336,0,0,5,8,0.145799196919875,174.14579919692,206,0,0,0,308.13,305.87,265.37,262.48,246.17
2018-10-01,2550000,204,4837,6,4,1960,91,-4,1,0,1,85.5,1,719,103,6.98058252427184,0,0,1,13642.3573308,13642.3573308,0,0,0,0,0,0,0,0,0,0,10000,1,1,0,9,5,-0.361713730729767,203.63828626927,176,13642.3573308,0,0,307.56,307.08,265.27,263.58,244.21
2018-10-01,849000,217,2020,5,3,1922,73,5,0,0,1,62.5,0,291,54,5.38888888888889,0,0,0,4220.0827812,211.00413906,0,0,0,0,0,0,1,0,10000,0.0019,0,8.01815728428,0,1,9,5,-0.559589262410176,216.44041073759,163,0,0,0,307.56,307.08,265.27,263.58,244.21
2018-10-01,1010000,216,1100,3,1,1952,54,-4,1,0,1,85.5,1,697,114,6.1140350877193,0,1,0,6977.6263656,3488.8131828,0,0,0,0,0,0,0,0,0,0,7500,2,1,0,9,5,-0.545240438540651,215.454759561459,164,0,6977.6263656,0,307.56,307.08,265.27,263.58,244.21
2018-10-01,299000,217,450,0,1,1970,34,-4,1,0,1,62.5,0,285,54,5.27777777777778,0,0,0,11330.1777204,566.50888602,1,450,0,1,1970,0,1,0,10000,0.0019,0,21.52733766876,0,1,9,5,-0.559589262410176,216.44041073759,163,0,0,0,307.56,307.08,265.27,263.58,244.21
2018-10-01,1965000,196,4862,5,5,1976,152,22,0,0,1,77.5,1,3904,585,6.67350427350427,0,0,1,11489.742792,11489.742792,0,0,0,0,0,0,0,0,0,0,10000,1,1,0,9,5,-0.230305670230612,195.769694329769,184,11489.742792,0,0,307.56,307.08,265.27,263.58,244.21
2018-11-01,2050000,251,4602,4,4,2003,142,53,0,0,1,77.5,1,482,92,5.23913043478261,0,0,1,11501.6307516,11501.6307516,0,0,0,0,0,0,0,0,0,0,10000,1,1,0,9,2,-0.924290722193093,250.075709277807,129,11501.6307516,0,0,308.19,308.14,265.95,265.01,244.21
2018-11-01,1160000,246,1230,3,2,1950,96,-4,1,0,1,77.5,1,369,62,5.95161290322581,0,0,1,11529.3327336,11529.3327336,0,0,0,0,0,0,0,0,0,0,10000,1,1,0,9,2,-0.888057322629493,245.111942677371,134,11529.3327336,0,0,308.19,308.14,265.95,265.01,244.21
2018-12-01,740000,281,1441,2,3,1991,43,-4,1,0,1,62.5,0,410,67,6.11940298507463,0,0,0,29243.923236,2924.3923236,1,1441,2,3,1991,1,0,0,7500,9e-04,0,26.3195309124,0,1,9,14,-0.992222209417932,280.007777790582,99,0,0,0,307.21,309.32,265.36,265.88,244.21
2018-12-01,1420000,280,3228,5,3,1948,88,-4,1,0,1,77.5,1,789,124,6.36290322580645,0,1,0,8193.3010236,4096.6505118,0,0,0,0,0,0,0,0,0,0,7500,2,1,0,9,14,-0.994217906893952,279.005782093106,100,0,8193.3010236,0,307.21,309.32,265.36,265.88,244.21
2018-12-01,1250000,254,2117,4,2,1930,99,-4,1,0,1,77.5,1,295,54,5.46296296296296,0,1,0,5932.5505272,2966.2752636,0,0,0,0,0,0,0,0,0,0,7500,2,1,0,9,14,-0.942761143390421,253.05723885661,126,0,5932.5505272,0,307.21,309.32,265.36,265.88,244.21
2018-12-01,1164645,260,2233,5,3.5,1945,38,-4,1,0,1,62.5,0,279,51,5.47058823529412,1,0,0,4854.8957292,1213.7239323,1,2233,5,3.5,1945,0,0,0,0,0,5000,4,1,1,9,14,-0.972118196629061,259.027881803371,120,0,0,4854.8957292,307.21,309.32,265.36,265.88,244.21
2018-12-01,888000,281,1847,3,2,1976,75,-4,1,0,1,77.5,1,296,56,5.28571428571429,0,1,0,33646.358196,16823.179098,0,0,0,0,0,0,0,0,0,0,7500,2,1,0,9,14,-0.992222209417932,280.007777790582,99,0,33646.358196,0,307.21,309.32,265.36,265.88,244.21
2018-12-01,385000,274,713,1,1,1972,66,-4,1,0,1,62.5,0,560,102,5.49019607843137,0,0,0,57881.1223188,2894.05611594,1,713,1,1,1972,0,1,0,10000,0.0019,0,109.97413240572,0,1,9,14,-0.99999073973619,273.000009260264,106,0,0,0,307.21,309.32,265.36,265.88,244.21
2018-12-01,1380000,277,1936,7,5,1922,40,-4,1,0,1,85.5,1,298,54,5.51851851851852,1,0,0,8385.7991976,2096.4497994,0,0,0,0,0,0,0,0,0,0,5000,4,1,0,9,14,-0.998435421155564,276.001564578844,103,0,0,8385.7991976,307.21,309.32,265.36,265.88,244.21
2018-12-01,2000000,281,5180,4,4,2007,65,-4,1,0,1,77.5,1,792,124,6.38709677419355,0,1,0,40598.8164648,20299.4082324,0,0,0,0,0,0,0,0,0,0,7500,2,1,0,9,14,-0.992222209417932,280.007777790582,99,0,40598.8164648,0,307.21,309.32,265.36,265.88,244.21
2018-12-01,1265000,258,1686,4,3,1957,75,-4,1,0,1,85.5,1,186,30,6.2,0,1,0,7853.1196392,3926.5598196,0,0,0,0,0,0,0,0,0,0,7500,2,1,0,9,14,-0.963470548564149,257.036529451436,122,0,7853.1196392,0,307.21,309.32,265.36,265.88,244.21
2018-12-01,1100000,258,1466,3,2,1941,85,-4,1,0,1,77.5,1,514,82,6.26829268292683,0,1,0,6451.8332076,3225.9166038,0,0,0,0,0,0,0,0,0,0,7500,2,1,0,9,14,-0.963470548564149,257.036529451436,122,0,6451.8332076,0,307.21,309.32,265.36,265.88,244.21
2018-12-01,1100000,267,2314,4,4,1952,48,2,0,0,1,62.5,0,548,97,5.64948453608247,1,0,0,5261.1084108,1315.2771027,0,0,0,0,0,0,0,0,0,0,5000,4,1,1,9,14,-0.993256849267414,266.006743150733,113,0,0,5261.1084108,307.21,309.32,265.36,265.88,244.21
2018-12-01,917500,257,1518,2,2,1990,28,-4,1,0,1,62.5,0,682,107,6.37383177570093,0,0,0,18314.7218496,915.73609248,1,1518,2,2,1990,0,1,0,10000,0.0019,0,34.79797151424,0,1,9,14,-0.958717816987296,256.041282183013,123,0,0,0,307.21,309.32,265.36,265.88,244.21
2018-12-01,300000,265,447,0,1,1960,29,14,0,0,1,62.5,0,285,55,5.18181818181818,0,0,0,9402.33888,470.116944,1,447,0,1,1960,0,1,0,10000,0.0019,0,17.864443872,0,1,9,14,-0.98867759023234,264.011322409768,115,0,0,0,307.21,309.32,265.36,265.88,244.21
2018-12-01,990000,279,1421,3,1,1937,10,16,0,0,1,43,0,527,85,6.2,1,0,0,5068.6272252,1267.1568063,0,0,0,0,0,0,0,0,0,0,5000,4,1,0,6,14,-0.995918996147179,278.004081003853,101,0,0,5068.6272252,307.21,309.32,265.36,265.88,244.21
2019-01-01,780000,309,980,2,2.5,1978,53,0,1,0,1,85.5,1,206,32,6.4375,0,0,0,18314.2296216,1831.42296216,1,980,2,2.5,1978,1,0,0,7500,9e-04,0,16.48280665944,0,0,9,8,-0.821476553302415,308.178523446698,71,0,0,0,308.15,310.21,265.94,267.16,248.62
2019-01-01,1725000,284,3526,5,3,1969,478,-4,1,0,1,62.5,0,117,20,5.85,0,0,0,37374.608502,18687.304251,0,0,0,0,0,0,0,0,0,0,5000,2,0,1,9,8,-0.984473816752092,283.015526183248,96,0,0,0,308.15,310.21,265.94,267.16,248.62
2019-01-01,950000,302,1442,4,2,1935,35,-4,1,0,1,62.5,0,622,99,6.28282828282828,1,0,0,3452.1687684,863.0421921,0,0,0,0,0,0,0,0,0,0,5000,4,1,1,9,8,-0.884067509943364,301.115932490057,78,0,0,3452.1687684,308.15,310.21,265.94,267.16,248.62
2019-01-01,1105000,313,1636,3,3,1937,110,-4,1,0,1,62.5,0,298,55,5.41818181818182,0,0,1,12872.559348,12872.559348,0,0,0,0,0,0,0,0,0,0,10000,1,1,1,9,8,-0.780295851070776,312.219704148929,67,12872.559348,0,0,308.15,310.21,265.94,267.16,248.62
2019-01-01,1935000,298,3068,4,3,1929,102,-4,1,0,1,85.5,1,699,103,6.78640776699029,0,0,1,9992.7428436,9992.7428436,0,0,0,0,0,0,0,0,0,0,10000,1,1,0,9,8,-0.914127988185334,297.085872011815,82,9992.7428436,0,0,308.15,310.21,265.94,267.16,248.62
2019-01-01,1275000,286,1464,4,3,2011,202,-4,1,0,1,77.5,1,767,135,5.68148148148148,0,0,1,10288.013868,10288.013868,0,0,0,0,0,0,0,0,0,0,10000,1,1,0,9,8,-0.977848341505657,285.022151658494,94,10288.013868,0,0,308.15,310.21,265.94,267.16,248.62
2019-01-01,624502,298,800,3,1.5,1951,28,5,0,0,1,62.5,0,138,21,6.57142857142857,0,0,0,7368.6557736,368.43278868,1,800,3,1.5,1951,0,1,0,10000,0.0019,0,14.00044596984,0,1,9,8,-0.914127988185334,297.085872011815,82,0,0,0,308.15,310.21,265.94,267.16,248.62
2019-01-01,245000,302,592,1,1,1954,17,3,0,0,0,47,0,486,92,5.28260869565217,0,0,0,7848.196488,392.4098244,1,592,1,1,1954,0,1,0,10000,0.0019,0,14.9115733272,0,0,5,8,-0.884067509943364,301.115932490057,78,0,0,0,308.15,310.21,265.94,267.16,248.62
2019-02-01,1150000,326,1904,4,3,1992,142,-4,1,0,1,85.5,1,747,125,5.976,0,0,1,11457.4308552,11457.4308552,0,0,0,0,0,0,0,0,0,0,10000,1,1,0,9,5,-0.622046748440868,325.377953251559,54,11457.4308552,0,0,310.5,310.84,267.85,268.47,248.62
2019-02-01,1820000,329,3859,4,3,2005,151,-4,1,0,1,77.5,1,41,4,10.25,0,0,1,10219.6020168,10219.6020168,0,0,0,0,0,0,0,0,0,0,10000,1,1,0,9,5,-0.580800273453801,328.419199726546,51,10219.6020168,0,0,310.5,310.84,267.85,268.47,248.62
2019-02-01,1050000,341,2401,4,4,1960,119,-4,1,0,1,77.5,1,749,121,6.1900826446281,0,1,0,7498.2432888,3749.1216444,0,0,0,0,0,0,0,0,0,0,7500,2,1,0,9,5,-0.401487989205974,340.598512010794,39,0,7498.2432888,0,310.5,310.84,267.85,268.47,248.62
2019-02-01,1600000,337,3392,6,4,1917,61,-4,1,0,1,85.5,1,294,54,5.44444444444444,0,1,0,11429.420904,5714.710452,0,0,0,0,0,0,0,0,0,0,7500,2,1,0,9,5,-0.463550270902851,336.536449729097,43,0,11429.420904,0,310.5,310.84,267.85,268.47,248.62
2019-02-01,1117500,315,1213,3,2,1927,49,-4,1,0,1,85.5,1,748,111,6.73873873873874,1,0,0,4498.4255184,1124.6063796,0,0,0,0,0,0,0,0,0,0,5000,4,1,0,9,5,-0.758305808478563,314.241694191521,65,0,0,4498.4255184,310.5,310.84,267.85,268.47,248.62
2019-03-01,1690000,370,3958,5,5,1960,95,-4,1,0,1,77.5,1,754,117,6.44444444444444,0,1,0,7955.0313084,3977.5156542,0,0,0,0,0,0,0,0,0,0,7500,2,1,0,9,9,0.0859647987374462,370.085964798737,10,0,7955.0313084,0,314.11,312.26,270.62,269.12,248.62
2019-03-01,325000,351,588,1,1,1987,27,-4,1,0,1,62.5,0,279,53,5.26415094339623,0,0,0,19991.6306964,999.58153482,1,588,1,1,1987,0,1,0,10000,0.0019,0,37.98409832316,0,1,9,9,-0.238672766005951,350.761327233994,29,0,0,0,314.11,312.26,270.62,269.12,248.62
2019-03-01,290000,344,591,2,1,1976,19,6,0,0,0,47,0,406,64,6.34375,0,0,0,10655.7395472,532.78697736,1,591,2,1,1976,0,1,0,10000,0.0019,0,20.24590513968,0,0,5,9,-0.353676122176372,343.646323877824,36,0,0,0,314.11,312.26,270.62,269.12,248.62
2019-03-01,850000,354,1232,2,2,2008,50,10,0,0,1,62.5,0,292,54,5.40740740740741,0,0,0,12244.598388,612.2299194,0,0,0,0,0,0,1,0,10000,0.0019,0,23.2647369372,0,1,9,9,-0.188226709843245,353.811773290157,26,0,0,0,314.11,312.26,270.62,269.12,248.62
2019-03-01,1368000,358,1500,3,3,1938,103,18,0,0,1,62.5,0,797,128,6.2265625,0,0,1,10763.0273916,10763.0273916,0,0,0,0,0,0,0,0,0,0,10000,1,1,1,9,9,-0.120208044899354,357.879791955101,22,10763.0273916,0,0,314.11,312.26,270.62,269.12,248.62
2019-03-01,1225000,356,1820,4,1,1912,63,-4,1,0,1,85.5,1,296,54,5.48148148148148,0,1,0,9030.044628,4515.022314,0,0,0,0,0,0,0,0,0,0,7500,2,1,0,9,9,-0.154308820664282,355.845691179336,24,0,9030.044628,0,314.11,312.26,270.62,269.12,248.62
2019-03-01,1050000,351,1216,3,2,1963,73,-4,1,0,1,77.5,1,527,102,5.16666666666667,0,1,0,11855.1497724,5927.5748862,0,0,0,0,0,0,0,0,0,0,7500,2,1,0,9,9,-0.238672766005951,350.761327233994,29,0,11855.1497724,0,314.11,312.26,270.62,269.12,248.62
2019-03-01,1200000,350,1777,4,3,1941,48,-4,1,0,1,85.5,1,411,68,6.04411764705882,0,1,0,8199.4342716,4099.7171358,0,0,0,0,0,0,0,0,0,0,7500,2,1,0,9,9,-0.255353295116187,349.744646704884,30,0,8199.4342716,0,314.11,312.26,270.62,269.12,248.62
2019-03-01,1900000,349,4537,7,5,1926,91,-4,1,0,1,85.5,1,299,54,5.53703703703704,0,0,1,14169.684672,14169.684672,0,0,0,0,0,0,0,0,0,0,10000,1,1,0,9,9,-0.271958157534106,348.728041842466,31,14169.684672,0,0,314.11,312.26,270.62,269.12,248.62
2019-04-01,1405000,393,2723,6,3,1926,54,-4,1,0,1,85.5,1,599,100,5.99,0,1,0,4691.3362056,2345.6681028,0,0,0,0,0,0,0,0,0,0,7500,2,1,0,9,2,0.46355027090285,393.463550270903,13,0,4691.3362056,0,317.53,314.1,273.72,270.91,247.62
2019-04-01,1450000,386,2141,4,3,1941,104,-4,1,0,1,62.5,0,291,54,5.38888888888889,0,0,1,8515.5696648,8515.5696648,0,0,0,0,0,0,0,0,0,0,10000,1,1,1,9,2,0.353676122176371,386.353676122176,6,8515.5696648,0,0,317.53,314.1,273.72,270.91,247.62
2019-05-01,1155000,426,1937,4,3,1960,64,-4,1,0,1,77.5,1,291,54,5.38888888888889,0,1,0,7524.0673992,3762.0336996,0,0,0,0,0,0,0,0,0,0,7500,2,1,0,9,6,0.867456354729596,426.86745635473,46,0,7524.0673992,0,320.95,316.47,276.66,272.29,247.62
2019-05-01,295000,424,464,1,1,1974,16,-4,1,0,0,47,0,285,55,5.18181818181818,0,0,0,7893.4927896,394.67463948,1,464,1,1,1974,0,1,0,10000,0.0019,0,14.99763630024,0,0,5,6,0.849817091527527,424.849817091528,44,0,0,0,320.95,316.47,276.66,272.29,247.62
2019-05-01,1230000,432,2128,5,3,1960,55,-4,1,0,1,77.5,1,504,95,5.30526315789474,0,1,0,7435.9124136,3717.9562068,0,0,0,0,0,0,0,0,0,0,7500,2,1,0,9,6,0.914127988185334,432.914127988185,52,0,7435.9124136,0,320.95,316.47,276.66,272.29,247.62
2019-05-01,1645000,432,2720,3,3,1960,77,-4,1,0,1,77.5,1,613,87,7.04597701149425,0,1,0,7495.5395196,3747.7697598,0,0,0,0,0,0,0,0,0,0,7500,2,1,0,9,6,0.914127988185334,432.914127988185,52,0,7495.5395196,0,320.95,316.47,276.66,272.29,247.62
2019-05-01,1020000,431,1533,3,2,1935,34,-4,1,0,1,62.5,0,294,55,5.34545454545455,1,0,0,9746.8488216,2436.7122054,0,0,0,0,0,0,0,0,0,0,5000,4,1,1,9,6,0.907013812802635,431.907013812803,51,0,0,9746.8488216,320.95,316.47,276.66,272.29,247.62
2019-05-01,1725000,419,3476,5,5,1936,106,-4,1,0,1,85.5,1,565,81,6.97530864197531,0,1,0,5561.7948144,2780.8974072,0,0,0,0,0,0,0,0,0,0,7500,2,1,0,9,6,0.801361088174676,419.801361088175,39,0,5561.7948144,0,320.95,316.47,276.66,272.29,247.62
2019-06-01,1020000,461,1260,3,2,1992,452,-4,1,0,1,62.5,0,297,55,5.4,0,0,0,8962.4294892,4481.2147446,0,0,0,0,0,0,0,0,0,0,5000,2,0,1,9,1,0.99665890175417,461.996658901754,81,0,0,0,320.2,316.78,277.73,272.98,247.62
2019-07-01,1950000,473,3541,3,3,1975,76,-4,1,0,1,85.5,1,298,55,5.41818181818182,0,0,1,10052.4832056,10052.4832056,0,0,0,0,0,0,0,0,0,0,10000,1,1,0,9,3,0.958717816987297,473.958717816987,93,10052.4832056,0,0,322.39,318.85,279.09,274.39,250.29
2019-07-01,1188000,494,1904,2,2,1961,178,-4,1,0,1,77.5,1,629,106,5.93396226415094,0,0,1,16138.6607052,16138.6607052,0,0,0,0,0,0,0,0,0,0,10000,1,1,0,9,3,0.796182863782616,494.796182863783,114,16138.6607052,0,0,322.39,318.85,279.09,274.39,250.29
2019-07-01,1075000,491,1378,4,2,1951,110,-4,1,0,1,77.5,1,290,54,5.37037037037037,0,0,1,9993.594006,9993.594006,0,0,0,0,0,0,0,0,0,0,10000,1,1,0,9,3,0.82635419872391,491.826354198724,111,9993.594006,0,0,322.39,318.85,279.09,274.39,250.29
2019-08-01,2035000,505,3230,6,3,1959,95,-4,1,0,1,77.5,1,356,61,5.83606557377049,0,1,0,7641.2172276,3820.6086138,0,0,0,0,0,0,0,0,0,0,7500,2,1,0,9,13,0.668063864213534,505.668063864214,125,0,7641.2172276,0,322.13,319.1,278.76,274.65,250.29
2019-08-01,1069000,502,1594,4,2,1950,72,-4,1,0,1,62.5,0,331,58,5.70689655172414,0,0,1,8572.0674204,8572.0674204,0,0,0,0,0,0,0,0,0,0,10000,1,1,1,9,13,0.705583610107178,502.705583610107,122,8572.0674204,0,0,322.13,319.1,278.76,274.65,250.29
2019-08-01,1330000,496,2036,4,3,1959,110,-4,1,0,1,77.5,1,290,54,5.37037037037037,0,1,0,7908.2443836,3954.1221918,0,0,0,0,0,0,0,0,0,0,7500,2,1,0,9,13,0.774884041367041,496.774884041367,116,0,7908.2443836,0,322.13,319.1,278.76,274.65,250.29
2019-08-01,1288000,509,2021,4,4,1948,62,-4,1,0,1,77.5,1,290,54,5.37037037037037,0,1,0,4531.3229016,2265.6614508,0,0,0,0,0,0,0,0,0,0,7500,2,1,0,9,13,0.615284599963329,509.615284599963,129,0,4531.3229016,0,322.13,319.1,278.76,274.65,250.29
2019-08-01,1699000,505,2452,3,3,1921,49,-4,1,0,1,85.5,1,539,95,5.67368421052632,1,0,0,12106.7340372,3026.6835093,0,0,0,0,0,0,0,0,0,0,5000,4,1,0,9,13,0.668063864213534,505.668063864214,125,0,0,12106.7340372,322.13,319.1,278.76,274.65,250.29
2019-08-01,199000,512,400,0,1,1956,28,-4,1,0,1,62.5,0,293,43,6.81395348837209,0,0,0,19662.4072656,983.12036328,1,400,0,1,1956,0,1,0,10000,0.0019,0,37.35857380464,0,1,9,13,0.573772267904325,512.573772267904,132,0,0,0,322.13,319.1,278.76,274.65,250.29
2019-08-01,980000,516,1344,3,2,1929,64,-4,1,0,1,77.5,1,290,54,5.37037037037037,0,1,0,4736.359386,2368.179693,0,0,0,0,0,0,0,0,0,0,7500,2,1,0,9,13,0.516062391015854,516.516062391016,136,0,4736.359386,0,322.13,319.1,278.76,274.65,250.29
2019-08-01,353000,522,543,1,1,1979,26,-4,1,0,0,47,0,202,33,6.12121212121212,0,0,0,32252.4503928,1612.62251964,1,543,1,1,1979,0,1,0,10000,0.0019,0,61.27965574632,0,0,5,13,0.425000339969555,522.42500033997,142,0,0,0,322.13,319.1,278.76,274.65,250.29
2019-08-01,1400000,510,2638,4,3,1923,80,-4,1,0,1,62.5,0,291,54,5.38888888888889,1,0,0,16126.1372052,4031.5343013,0,0,0,0,0,0,0,0,0,0,5000,4,1,1,9,13,0.601624063224924,510.601624063225,130,0,0,16126.1372052,322.13,319.1,278.76,274.65,250.29
2019-08-01,858000,525,1791,3,2,1989,73,-4,1,0,1,62.5,0,788,124,6.35483870967742,0,0,0,28277.1643572,1413.85821786,1,1791,3,2,1989,0,1,0,10000,0.0019,0,53.72661227868,0,1,9,13,0.377707965203966,525.377707965204,145,0,0,0,322.13,319.1,278.76,274.65,250.29
2019-08-01,1280000,519,1802,4,3,1975,92,-4,1,0,1,77.5,1,767,144,5.32638888888889,0,0,1,9320.872968,9320.872968,0,0,0,0,0,0,0,0,0,0,10000,1,1,0,9,13,0.471159507673865,519.471159507674,139,9320.872968,0,0,322.13,319.1,278.76,274.65,250.29
2019-08-01,1283000,512,1807,4,3,1959,163,-4,1,0,1,62.5,0,628,112,5.60714285714286,0,0,1,9995.8077252,9995.8077252,0,0,0,0,0,0,0,0,0,0,10000,1,1,1,9,13,0.573772267904325,512.573772267904,132,9995.8077252,0,0,322.13,319.1,278.76,274.65,250.29
2019-08-01,1046859,505,1368,4,3,1925,76,-4,1,0,1,85.5,1,603,92,6.55434782608696,1,0,0,4298.6545668,1074.6636417,0,0,0,0,0,0,0,0,0,0,5000,4,1,0,9,13,0.668063864213534,505.668063864214,125,0,0,4298.6545668,322.13,319.1,278.76,274.65,250.29
2019-09-01,938000,540,1560,3,2,1956,90,-4,1,0,1,62.5,0,517,76,6.80263157894737,1,0,0,4803.0458256,1200.7614564,0,0,0,0,0,0,0,0,0,0,5000,4,1,1,9,4,0.128748177452582,540.128748177453,160,0,0,4803.0458256,322.64,320.19,279.73,276.62,250.29
2019-09-01,580000,533,1032,2,2,1937,43,-4,1,0,1,62.5,0,548,88,6.22727272727273,1,0,0,3968.372628,992.093157,0,0,0,0,0,0,0,0,0,0,5000,4,1,1,9,4,0.247022180480937,533.247022180481,153,0,0,3968.372628,322.64,320.19,279.73,276.62,250.29
2019-09-01,945888,540,1816,4,2.5,1974,58,-4,1,0,1,85.5,1,292,54,5.40740740740741,0,1,0,7933.5771372,3966.7885686,0,0,0,0,0,0,0,0,0,0,7500,2,1,0,9,4,0.128748177452582,540.128748177453,160,0,7933.5771372,0,322.64,320.19,279.73,276.62,250.29
2019-09-01,985000,554,1613,3,2,1936,32,-4,1,0,1,62.5,0,857,112,7.65178571428571,1,0,0,11127.7034352,2781.9258588,0,0,0,0,0,0,0,0,0,0,5000,4,1,1,9,4,-0.111659007121694,553.888340992878,174,0,0,11127.7034352,322.64,320.19,279.73,276.62,250.29
2019-10-01,999990,571,1159,3,1,1956,58,-4,1,0,1,85.5,1,294,55,5.34545454545455,0,1,0,7591.6185048,3795.8092524,0,0,0,0,0,0,0,0,0,0,7500,2,1,0,9,11,-0.393590276656466,570.606409723344,191,0,7591.6185048,0,323.23,322.48,280.03,278.09,250.82
2019-10-01,1295000,573,1616,3,3,1970,95,-4,1,0,1,77.5,1,295,54,5.46296296296296,0,1,0,7728.2662248,3864.1331124,0,0,0,0,0,0,0,0,0,0,7500,2,1,0,9,11,-0.425000339969552,572.57499966003,193,0,7728.2662248,0,323.23,322.48,280.03,278.09,250.82
2019-10-01,1500000,575,3027,5,4,1949,104,-4,1,0,1,77.5,1,293,54,5.42592592592593,0,0,1,9968.8384224,9968.8384224,0,0,0,0,0,0,0,0,0,0,10000,1,1,0,9,11,-0.455906693508458,574.544093306492,195,9968.8384224,0,0,323.23,322.48,280.03,278.09,250.82
2019-10-01,2500000,580,4426,8,3.5,1969,69,-4,1,0,1,62.5,0,297,54,5.5,0,0,1,10512.441522,10512.441522,0,0,0,0,0,0,0,0,0,0,10000,1,1,1,9,11,-0.530730048161932,579.469269951838,200,10512.441522,0,0,323.23,322.48,280.03,278.09,250.82
2019-10-01,1258000,565,1250,3,2,1958,9,-4,1,0,1,43,0,686,105,6.53333333333333,1,0,0,7254.10125,1813.5253125,0,0,0,0,0,0,0,0,0,0,5000,4,1,0,6,11,-0.296712819273489,564.703287180727,185,0,0,7254.10125,323.23,322.48,280.03,278.09,250.82
2019-10-01,325000,578,468,1,1,1955,65,8,0,0,1,62.5,0,658,104,6.32692307692308,0,0,0,9614.0030184,480.70015092,1,468,1,1,1955,0,1,0,10000,0.0019,0,18.26660573496,0,1,9,11,-0.501241813445775,577.498758186554,198,0,0,0,323.23,322.48,280.03,278.09,250.82
2019-10-01,1000000,561,1899,3,2,1969,32,17,0,0,1,43,0,604,90,6.71111111111111,0,0,0,16841.3139972,336.826279944,0,0,0,0,0,0,0,1,15000,0.0028,0,47.15567919216,0,0,6,11,-0.230305670230612,560.769694329769,181,0,0,0,323.23,322.48,280.03,278.09,250.82
2019-10-01,1020000,561,1266,4,2,1943,78,-4,1,0,1,77.5,1,298,54,5.51851851851852,0,0,1,6935.5378224,6935.5378224,0,0,0,0,0,0,0,0,0,0,10000,1,1,0,9,11,-0.230305670230612,560.769694329769,181,6935.5378224,0,0,323.23,322.48,280.03,278.09,250.82
2019-10-01,975000,573,1712,3,2,1947,15,-4,1,0,1,85.5,1,739,103,7.1747572815534,1,0,0,10538.0291016,2634.5072754,0,0,0,0,0,0,0,0,0,0,5000,4,1,0,9,11,-0.425000339969552,572.57499966003,193,0,0,10538.0291016,323.23,322.48,280.03,278.09,250.82
2019-10-01,990000,567,1292,3,2,1950,63,-4,1,0,1,77.5,1,296,54,5.48148148148148,0,1,0,5025.314646,2512.657323,0,0,0,0,0,0,0,0,0,0,7500,2,1,0,9,11,-0.32940848222453,566.670591517776,187,0,5025.314646,0,323.23,322.48,280.03,278.09,250.82
2019-10-01,1700000,587,2880,5,4,1940,116,-4,1,0,1,77.5,1,296,54,5.48148148148148,0,0,1,11168.1497664,11168.1497664,0,0,0,0,0,0,0,0,0,0,10000,1,1,0,9,11,-0.628762814595834,586.371237185404,207,11168.1497664,0,0,323.23,322.48,280.03,278.09,250.82
2019-11-01,978100,603,1166,1,3,1966,16,-4,1,0,1,43,0,150,24,6.25,0,0,0,3606.5236284,72.130472568,0,0,0,0,0,0,0,1,15000,0.0028,0,10.09826615952,0,0,6,10,-0.816538051445915,602.183461948554,223,0,0,0,324.12,323.95,280.07,278.97,250.82
2019-11-01,910000,599,1131,3,1,1950,129,-4,1,0,1,77.5,1,317,49,6.46938775510204,0,0,1,10277.3246796,10277.3246796,0,0,0,0,0,0,0,0,0,0,10000,1,1,0,9,10,-0.77488404136704,598.225115958633,219,10277.3246796,0,0,324.12,323.95,280.07,278.97,250.82
2019-11-01,365000,615,583,1,1,1972,66,-4,1,0,1,62.5,0,286,54,5.2962962962963,0,0,0,57881.1223188,2894.05611594,1,583,1,1,1972,0,1,0,10000,0.0019,0,109.97413240572,0,1,9,10,-0.917583626059393,614.082416373941,235,0,0,0,324.12,323.95,280.07,278.97,250.82
2019-11-01,950000,595,2268,5,3,1970,80,-4,1,0,1,62.5,0,416,78,5.33333333333333,1,0,0,8062.9355268,2015.7338817,0,0,0,0,0,0,0,0,0,0,5000,4,1,1,9,10,-0.729557554086487,594.270442445914,215,0,0,8062.9355268,324.12,323.95,280.07,278.97,250.82
2019-11-01,2400000,602,5334,4,4,1992,139,-4,1,0,1,62.5,0,79,9,8.77777777777778,0,0,1,10331.1744228,10331.1744228,0,0,0,0,0,0,0,0,0,0,10000,1,1,1,9,10,-0.806479946320944,601.193520053679,222,10331.1744228,0,0,324.12,323.95,280.07,278.97,250.82
2019-11-01,1850000,617,4123,4,4,2002,60,-4,1,0,1,85.5,1,678,110,6.16363636363636,0,1,0,2310375.7707624,1155187.8853812,0,0,0,0,0,0,0,0,0,0,7500,2,1,0,9,10,-0.930723931037979,616.069276068962,237,0,2310375.7707624,0,324.12,323.95,280.07,278.97,250.82
2019-11-01,1400000,610,2829,4,3,1950,67,-4,1,0,1,77.5,1,751,125,6.008,0,1,0,8391.4293276,4195.7146638,0,0,0,0,0,0,0,0,0,0,7500,2,1,0,9,10,-0.880012203973535,609.119987796027,230,0,8391.4293276,0,324.12,323.95,280.07,278.97,250.82
2019-11-01,1450000,600,2182,3,3,1971,54,-4,1,0,1,85.5,1,785,128,6.1328125,0,1,0,7737.3815904,3868.6907952,0,0,0,0,0,0,0,0,0,0,7500,2,1,0,9,10,-0.785649855078713,599.214350144921,220,0,7737.3815904,0,324.12,323.95,280.07,278.97,250.82
2019-11-01,390000,588,718,2,1,1967,49,-4,1,0,1,62.5,0,362,52,6.96153846153846,0,0,0,19991.1815928,999.55907964,1,718,2,1,1967,0,1,0,10000,0.0019,0,37.98324502632,0,1,9,10,-0.642054713236563,587.357945286763,208,0,0,0,324.12,323.95,280.07,278.97,250.82
2019-11-01,1005000,596,1068,3,1.5,1953,54,-4,1,0,1,85.5,1,295,55,5.36363636363636,0,1,0,5667.7166172,2833.8583086,0,0,0,0,0,0,0,0,0,0,7500,2,1,0,9,10,-0.741222010848595,595.258777989151,216,0,5667.7166172,0,324.12,323.95,280.07,278.97,250.82
2019-12-01,1038900,644,1320,2,3,1966,173,-4,1,0,1,77.5,1,784,141,5.56028368794326,0,0,1,10996.8979824,10996.8979824,0,0,0,0,0,0,0,0,0,0,10000,1,1,0,9,11,-0.995918996147179,643.004081003853,264,10996.8979824,0,0,323.46,325.71,280.94,281.36,250.82
2019-12-01,1249000,648,1677,3,2,1954,81,24,0,0,1,77.5,1,795,117,6.79487179487179,0,1,0,9191.6016984,4595.8008492,0,0,0,0,0,0,0,0,0,0,7500,2,1,0,9,11,-0.987349442393987,647.012650557606,268,0,9191.6016984,0,323.46,325.71,280.94,281.36,250.82
2019-12-01,920000,648,1463,4,2,1928,12,-4,1,0,1,85.5,1,469,81,5.79012345679012,1,0,0,4432.8128328,1108.2032082,1,1463,4,2,1928,0,0,0,0,0,5000,4,1,0,9,11,-0.987349442393987,647.012650557606,268,0,0,4432.8128328,323.46,325.71,280.94,281.36,250.82
2019-12-01,1300000,621,3277,3,3,1954,81,-4,1,0,1,62.5,0,742,120,6.18333333333333,1,0,0,7983.4542084,1995.8635521,0,0,0,0,0,0,0,0,0,0,5000,4,1,1,9,11,-0.953680996630445,620.04631900337,241,0,0,7983.4542084,323.46,325.71,280.94,281.36,250.82
2019-12-01,1062500,631,1908,4,2.5,1950,76,-4,1,0,1,77.5,1,255,47,5.42553191489362,0,1,0,7493.4251172,3746.7125586,0,0,0,0,0,0,0,0,0,0,7500,2,1,0,9,11,-0.991114063993455,630.008885936007,251,0,7493.4251172,0,323.46,325.71,280.94,281.36,250.82
2019-12-01,1350000,624,2015,4,3,1942,95,-4,1,0,1,77.5,1,294,54,5.44444444444444,0,0,1,10193.2172892,10193.2172892,0,0,0,0,0,0,0,0,0,0,10000,1,1,0,9,11,-0.967937783024064,623.032062216976,244,10193.2172892,0,0,323.46,325.71,280.94,281.36,250.82
2019-12-01,1388000,648,1790,4,2,1971,114,-4,1,0,1,77.5,1,293,54,5.42592592592593,0,0,1,10109.8517256,10109.8517256,0,0,0,0,0,0,0,0,0,0,10000,1,1,0,9,11,-0.987349442393987,647.012650557606,268,10109.8517256,0,0,323.46,325.71,280.94,281.36,250.82
2019-12-01,850000,645,1080,2,2,1931,71,-4,1,0,1,77.5,1,289,54,5.35185185185185,0,1,0,4497.7625352,2248.8812676,0,0,0,0,0,0,0,0,0,0,7500,2,1,0,9,11,-0.994217906893952,644.005782093106,265,0,4497.7625352,0,323.46,325.71,280.94,281.36,250.82
2019-12-01,1026000,627,1363,4,3,1941,96,6,0,0,1,77.5,1,303,56,5.41071428571429,0,0,1,8549.89146,8549.89146,0,0,0,0,0,0,0,0,0,0,10000,1,1,0,9,11,-0.97961369164549,626.020386308355,247,8549.89146,0,0,323.46,325.71,280.94,281.36,250.82
2019-12-01,1215000,622,1816,3,2,1963,92,-4,1,0,1,77.5,1,772,115,6.71304347826087,0,1,0,7673.157162,3836.578581,0,0,0,0,0,0,0,0,0,0,7500,2,1,0,9,11,-0.958717816987296,621.041282183013,242,0,7673.157162,0,323.46,325.71,280.94,281.36,250.82
2019-12-01,979000,645,1158,3,3,1954,63,10,0,0,1,77.5,1,435,64,6.796875,0,1,0,4997.1361176,2498.5680588,0,0,0,0,0,0,0,0,0,0,7500,2,1,0,9,11,-0.994217906893952,644.005782093106,265,0,4997.1361176,0,323.46,325.71,280.94,281.36,250.82
2020-01-01,860000,671,1450,4,3,2007,30,-4,1,0,1,62.5,0,298,56,5.32142857142857,0,0,0,11278.3783464,563.91891732,1,1450,4,3,2007,0,1,0,10000,0.0019,0,21.42891885816,0,1,9,10,-0.849817091527528,670.150182908473,291,0,0,0,326.41,328.44,281.74,282.82,250.94
2020-01-01,900000,650,1170,3,3,1965,94,-4,1,0,1,85.5,1,292,54,5.40740740740741,0,1,0,19051.3684944,9525.6842472,1,1170,3,3,1965,0,0,0,0,0,7500,2,1,0,9,10,-0.981306470271609,649.018693529728,270,0,19051.3684944,0,326.41,328.44,281.74,282.82,250.94
2020-01-01,570000,656,1144,2,2,1964,54,13,0,0,1,62.5,0,593,97,6.11340206185567,0,0,0,59580.3500028,2979.01750014,1,1144,2,2,1964,0,1,0,10000,0.0019,0,113.20266500532,0,1,9,10,-0.956234826591906,655.043765173408,276,0,0,0,326.41,328.44,281.74,282.82,250.94
2020-01-01,900000,679,1240,3,2,1959,162,-4,1,0,1,77.5,1,292,54,5.40740740740741,0,0,1,11012.5948284,11012.5948284,0,0,0,0,0,0,0,0,0,0,10000,1,1,0,9,10,-0.769414826883939,678.230585173116,299,11012.5948284,0,0,326.41,328.44,281.74,282.82,250.94
2020-01-01,1190000,671,2184,4,3,1949,67,-4,1,0,1,62.5,0,347,64,5.421875,1,0,0,5429.5279236,1357.3819809,0,0,0,0,0,0,0,0,0,0,5000,4,1,1,9,10,-0.849817091527528,670.150182908473,291,0,0,5429.5279236,326.41,328.44,281.74,282.82,250.94
2020-01-01,750000,652,1318,3,2,1930,56,-4,1,0,1,85.5,1,294,54,5.44444444444444,0,1,0,4986.655146,2493.327573,0,0,0,0,0,0,0,0,0,0,7500,2,1,0,9,10,-0.974100455172421,651.025899544828,272,0,4986.655146,0,326.41,328.44,281.74,282.82,250.94
2020-01-01,1057300,663,2568,4,3,1946,93,-4,1,0,1,77.5,1,795,121,6.5702479338843,0,1,0,6720.5896956,3360.2948478,0,0,0,0,0,0,0,0,0,0,7500,2,1,0,9,10,-0.914127988185335,662.085872011815,283,0,6720.5896956,0,326.41,328.44,281.74,282.82,250.94
2020-01-01,400000,672,554,2,1,1999,59,-4,1,0,1,62.5,0,492,88,5.59090909090909,0,0,0,15346.832688,767.3416344,1,554,2,1,1999,0,1,0,10000,0.0019,0,29.1589821072,0,1,9,10,-0.840618405634479,671.159381594366,292,0,0,0,326.41,328.44,281.74,282.82,250.94
2020-01-01,1050000,676,1204,3,2,1965,78,-4,1,0,1,77.5,1,292,54,5.40740740740741,0,1,0,8647.5259728,4323.7629864,0,0,0,0,0,0,0,0,0,0,7500,2,1,0,9,10,-0.801361088174678,675.198638911825,296,0,8647.5259728,0,326.41,328.44,281.74,282.82,250.94
2020-01-01,868000,649,1704,3,2.5,1926,69,-4,1,0,1,62.5,0,302,57,5.29824561403509,0,1,0,4495.023918,2247.511959,1,1704,3,2.5,1926,0,0,0,0,0,7500,2,1,1,9,10,-0.984473816752093,648.015526183248,269,0,4495.023918,0,326.41,328.44,281.74,282.82,250.94
2020-02-01,1880000,680,2764,4,4,2019,83,-4,1,0,1,77.5,1,756,126,6,0,1,0,7620.4286532,3810.2143266,0,0,0,0,0,0,0,0,0,0,7500,2,1,0,9,4,-0.758305808478563,679.241694191521,300,0,7620.4286532,0,331.01,331.23,284.99,285.47,250.94
2020-02-01,360000,708,677,2,1,1966,86,-4,1,0,1,62.5,0,298,56,5.32142857142857,0,0,0,22480.7697576,1124.03848788,1,677,2,1,1966,0,1,0,10000,0.0019,0,42.71346253944,0,1,9,4,-0.369724542890674,707.630275457109,328,0,0,0,331.01,331.23,284.99,285.47,250.94
2020-02-01,710000,706,1058,4,3,1942,32,-4,1,0,1,62.5,0,731,118,6.19491525423729,1,0,0,4726.3619304,1181.5904826,0,0,0,0,0,0,0,0,0,0,5000,4,1,1,9,4,-0.401487989205975,705.598512010794,326,0,0,4726.3619304,331.01,331.23,284.99,285.47,250.94
2020-02-01,2020000,684,3220,5,4,1994,55,-4,1,0,1,85.5,1,299,55,5.43636363636364,0,1,0,2310375.7707624,1155187.8853812,0,0,0,0,0,0,0,0,0,0,7500,2,1,0,9,4,-0.711656622281775,683.288343377718,304,0,2310375.7707624,0,331.01,331.23,284.99,285.47,250.94
2020-03-01,1320000,726,1939,4,4,1948,133,-4,1,0,1,77.5,1,293,54,5.42592592592593,0,1,0,5903.6014224,2951.8007112,0,0,0,0,0,0,0,0,0,0,7500,2,1,0,9,3,-0.0688024268023218,725.931197573198,346,0,5903.6014224,0,334.18,332.1,287.85,286.18,250.94
2020-03-01,1325000,726,2278,5,2,1946,58,53,0,0,1,62.5,0,409,69,5.92753623188406,1,0,0,9381.181788,2345.295447,0,0,0,0,0,0,0,0,0,0,5000,4,1,1,9,3,-0.0688024268023218,725.931197573198,346,0,0,9381.181788,334.18,332.1,287.85,286.18,250.94
2020-03-01,455000,734,866,2,2,1965,22,-4,1,0,1,62.5,0,429,71,6.04225352112676,0,0,0,10643.7622896,532.18811448,1,866,2,2,1965,0,1,0,10000,0.0019,0,20.22314835024,0,1,9,3,0.068802426802319,734.068802426802,354,0,0,0,334.18,332.1,287.85,286.18,250.94
2020-04-01,1190000,743,2260,3,3,1962,88,-4,1,0,1,77.5,1,291,54,5.38888888888889,0,1,0,7515.3410244,3757.6705122,0,0,0,0,0,0,0,0,0,0,7500,2,1,0,9,8,0.221921513004163,743.221921513004,363,0,7515.3410244,0,336.86,333.19,289.76,286.79,251.91
2020-04-01,387000,750,763,2,1,1966,38,9,0,0,1,62.5,0,1053,164,6.42073170731707,0,0,0,25146.0523908,1257.30261954,1,763,2,1,1966,0,1,0,10000,0.0019,0,47.77749954252,0,1,9,8,0.337522899594113,750.337522899594,370,0,0,0,336.86,333.19,289.76,286.79,251.91
2020-04-01,475000,748,1012,2,1,1967,60,20,0,0,1,47.5,0,733,125,5.864,0,0,0,25308.3835224,1265.41917612,1,1012,2,1,1967,0,1,0,10000,0.0019,0,48.08592869256,0,0,5,8,0.304921224656288,748.304921224656,368,0,0,0,336.86,333.19,289.76,286.79,251.91
2020-04-01,920000,769,1291,4,1,1953,104,-4,1,1,1,77.5,1,339,57,5.94736842105263,0,1,0,7499.7443664,3749.8721832,0,0,0,0,0,0,0,0,0,0,7500,2,1,0,9,8,0.622046748440866,769.622046748441,389,0,7499.7443664,0,336.86,333.19,289.76,286.79,251.91
2020-04-01,1950000,762,3010,4,4,2020,69,-4,1,1,1,77.5,1,755,126,5.99206349206349,0,1,0,8297.5348764,4148.7674382,0,0,0,0,0,0,0,0,0,0,7500,2,1,0,9,8,0.523415607365549,762.523415607366,382,0,8297.5348764,0,336.86,333.19,289.76,286.79,251.91
2020-04-01,1450000,750,3380,6,3,1973,116,-4,1,0,1,62.5,0,304,54,5.62962962962963,0,0,1,10711.6949808,10711.6949808,0,0,0,0,0,0,0,0,0,0,10000,1,1,1,9,8,0.337522899594113,750.337522899594,370,10711.6949808,0,0,336.86,333.19,289.76,286.79,251.91
2020-04-01,1450000,757,2071,3,3,1985,40,-4,1,0,1,62.5,0,18,3,6,1,0,0,34526.3817096,8631.5954274,0,0,0,0,0,0,0,0,0,0,5000,4,1,1,9,8,0.44822934174041,757.44822934174,377,0,0,34526.3817096,336.86,333.19,289.76,286.79,251.91
2020-04-01,1650000,743,2955,5,3,1928,62,-4,1,0,1,85.5,1,292,54,5.40740740740741,1,0,0,8146.5219396,2036.6304849,0,0,0,0,0,0,0,0,0,0,5000,4,1,0,9,8,0.221921513004163,743.221921513004,363,0,0,8146.5219396,336.86,333.19,289.76,286.79,251.91
2020-05-01,1525000,799,3242,6,4.5,1968,83,-4,1,1,1,77.5,1,294,54,5.44444444444444,0,1,0,8037.834948,4018.917474,0,0,0,0,0,0,0,0,0,0,7500,2,1,0,9,1,0.927541683579196,799.927541683579,419,0,8037.834948,0,335.42,330.76,290.97,286.43,251.91
2020-06-01,770000,825,1076,3,3,1940,69,-4,1,1,1,62.5,0,306,47,6.51063829787234,0,1,0,4026.4977852,2013.2488926,0,0,0,0,0,0,0,0,0,0,7500,2,1,1,9,3,0.997917160865392,825.997917160865,445,0,4026.4977852,0,339.35,335.88,294.42,289.53,251.91
2020-06-01,350000,802,610,1,1,1971,49,-4,1,1,1,62.5,0,517,88,5.875,0,0,0,12247.793514,612.3896757,1,610,1,1,1971,0,1,0,10000,0.0019,0,23.2708076766,0,1,9,3,0.945596387427142,802.945596387427,422,0,0,0,339.35,335.88,294.42,289.53,251.91
2020-06-01,840000,818,1222,3,3,1980,54,-4,1,1,1,77.5,1,514,75,6.85333333333333,0,0,0,5205.7022688,2602.8511344,0,0,0,0,0,0,0,0,0,0,5000,2,0,0,9,3,0.998435421155564,818.998435421156,438,0,0,0,339.35,335.88,294.42,289.53,251.91
2020-07-01,1378000,861,1780,3,2,1971,89,-4,1,1,1,77.5,1,652,108,6.03703703703704,0,0,1,11848.9816764,11848.9816764,0,0,0,0,0,0,0,0,0,0,10000,1,1,0,9,3,0.774884041367042,861.774884041367,481,11848.9816764,0,0,342.89,339.24,297.78,292.88,249.09
2020-07-01,1270000,841,1908,3,2,1956,90,-4,1,1,1,62.5,0,673,113,5.95575221238938,1,0,0,4796.0204688,1199.0051172,0,0,0,0,0,0,0,0,0,0,5000,4,1,1,9,3,0.942761143390421,841.94276114339,461,0,0,4796.0204688,342.89,339.24,297.78,292.88,249.09
2020-07-01,1175000,839,1291,3,2,1954,128,-4,1,1,1,77.5,1,473,72,6.56944444444444,0,0,1,10562.4379476,10562.4379476,0,0,0,0,0,0,0,0,0,0,10000,1,1,0,9,3,0.953680996630446,839.95368099663,459,10562.4379476,0,0,342.89,339.24,297.78,292.88,249.09
2020-08-01,345000,890,684,2,1,1969,12,-4,1,1,1,43,0,439,69,6.36231884057971,1,0,0,14825.6834616,3706.4208654,1,684,2,1,1969,0,0,0,0,0,5000,4,1,0,6,1,0.377707965203966,890.377707965204,510,0,0,14825.6834616,348.23,344.94,301.9,297.47,249.09
2020-09-01,1650000,911,2894,3,3,1977,144,-4,1,1,1,77.5,1,799,122,6.54918032786885,0,1,0,70691.7720168,35345.8860084,1,2894,3,3,1977,0,0,0,0,0,7500,2,1,0,9,3,0.0258184402271345,911.025818440227,531,0,70691.7720168,0,353.58,350.89,305.77,302.33,249.09
2020-09-01,2000000,900,3705,5,5,1913,73,-4,1,1,1,85.5,1,800,131,6.10687022900763,0,1,0,10022.6171628,5011.3085814,0,0,0,0,0,0,0,0,0,0,7500,2,1,0,9,3,0.213520915439797,900.21352091544,520,0,10022.6171628,0,353.58,350.89,305.77,302.33,249.09
2020-09-01,1100000,922,1536,4,2,1958,31,-4,1,1,1,62.5,0,299,54,5.53703703703704,0,0,0,5309.4264696,265.47132348,0,0,0,0,0,0,1,0,10000,0.0019,0,10.08791029224,0,1,9,3,-0.162807012938515,921.837192987061,542,0,0,0,353.58,350.89,305.77,302.33,249.09
2020-10-01,1340000,930,1762,4,3,1925,79,-4,1,1,1,85.5,1,800,126,6.34920634920635,0,1,0,5298.4528344,2649.2264172,0,0,0,0,0,0,0,0,0,0,7500,2,1,0,9,5,-0.296712819273489,929.703287180727,550,0,5298.4528344,0,357.64,356.63,308.92,306.67,252.15
2020-10-01,978000,946,1724,5,3,1949,38,-4,1,1,1,62.5,0,442,73,6.05479452054795,1,0,0,4915.4314968,1228.8578742,0,0,0,0,0,0,0,0,0,0,5000,4,1,1,9,5,-0.545240438540649,945.454759561459,566,0,0,4915.4314968,357.64,356.63,308.92,306.67,252.15
2020-10-01,1500000,936,2454,4,4,1950,134,-4,1,1,1,77.5,1,717,117,6.12820512820513,0,1,0,19675.555416,9837.777708,1,2454,4,4,1950,0,0,0,0,0,7500,2,1,0,9,5,-0.393590276656466,935.606409723344,556,0,19675.555416,0,357.64,356.63,308.92,306.67,252.15
2020-10-01,1200000,937,1920,4,3,1992,51,-4,1,1,1,85.5,1,330,55,6,0,1,0,2310375.7707624,1155187.8853812,1,1920,4,3,1992,0,0,0,0,0,7500,2,1,0,9,5,-0.40935595881562,936.590644041184,557,0,2310375.7707624,0,357.64,356.63,308.92,306.67,252.15
2020-10-01,2592000,924,5703,4,4,1998,55,-4,1,1,1,85.5,1,301,55,5.47272727272727,0,1,0,2310375.7707624,1155187.8853812,0,0,0,0,0,0,0,0,0,0,7500,2,1,0,9,5,-0.196672889793575,923.803327110206,544,0,2310375.7707624,0,357.64,356.63,308.92,306.67,252.15
2020-11-01,348000,980,630,2,1,1967,27,-4,1,1,0,47,0,441,67,6.58208955223881,0,0,0,48291.4658556,2414.57329278,1,630,2,1,1967,0,1,0,10000,0.0019,0,91.75378512564,0,0,5,10,-0.917583626059392,979.082416373941,600,0,0,0,362.69,362.44,311.25,309.96,252.15
2020-11-01,360000,974,647,1,1,1974,65,19,0,1,1,62.5,0,481,72,6.68055555555556,0,0,0,32981.1181524,1649.05590762,1,647,1,1,1974,0,1,0,10000,0.0019,0,62.66412448956,0,1,9,10,-0.87170631870932,973.128293681291,594,0,0,0,362.69,362.44,311.25,309.96,252.15
2020-11-01,799000,958,1293,3,3,1946,28,-4,1,1,1,62.5,0,565,87,6.49425287356322,0,0,0,2480.2915896,124.01457948,0,0,0,0,0,0,1,0,10000,0.0019,0,4.71255402024,0,1,9,10,-0.705583610107177,957.294416389893,578,0,0,0,362.69,362.44,311.25,309.96,252.15
2020-11-01,285000,967,562,2,1,1964,16,-4,1,1,0,47,0,487,77,6.32467532467532,0,0,0,18651.1283244,932.55641622,1,562,2,1,1964,0,1,0,10000,0.0019,0,35.43714381636,0,0,5,10,-0.806479946320943,966.193520053679,587,0,0,0,362.69,362.44,311.25,309.96,252.15
2020-11-01,1515000,974,2992,4,3,1986,128,-4,1,1,1,77.5,1,882,138,6.39130434782609,0,0,1,14088.4139088,14088.4139088,0,0,0,0,0,0,0,0,0,0,10000,1,1,0,9,10,-0.87170631870932,973.128293681291,594,14088.4139088,0,0,362.69,362.44,311.25,309.96,252.15
2020-11-01,655000,970,868,2,2,1995,28,-4,1,1,1,62.5,0,363,58,6.25862068965517,0,0,0,7871.36823,393.5684115,1,868,2,2,1995,0,1,0,10000,0.0019,0,14.955599637,0,1,9,10,-0.835925479418636,969.164074520581,590,0,0,0,362.69,362.44,311.25,309.96,252.15
2020-11-01,282000,966,466,1,1,1973,47,11,0,1,1,47.5,0,521,83,6.27710843373494,0,0,0,19242.163908,962.1081954,1,466,1,1,1973,0,1,0,10000,0.0019,0,36.5601114252,0,0,5,10,-0.796182863782614,965.203817136217,586,0,0,0,362.69,362.44,311.25,309.96,252.15
2020-11-01,330000,974,563,1,1,1975,32,15,0,1,1,62.5,0,731,110,6.64545454545455,0,0,0,14928.0050304,746.40025152,1,563,1,1,1975,0,1,0,10000,0.0019,0,28.36320955776,0,1,9,10,-0.87170631870932,973.128293681291,594,0,0,0,362.69,362.44,311.25,309.96,252.15
2020-11-01,278000,980,444,0,1,1973,28,-4,1,1,1,62.5,0,734,126,5.82539682539683,0,0,0,45861.5113308,2293.07556654,1,444,0,1,1973,0,1,0,10000,0.0019,0,87.13687152852,0,1,9,10,-0.917583626059392,979.082416373941,600,0,0,0,362.69,362.44,311.25,309.96,252.15
2020-11-01,749400,960,1135,3,3,2020,64,-4,1,1,1,62.5,0,796,129,6.17054263565892,0,0,0,22284.9139788,1114.24569894,1,1135,3,3,2020,0,1,0,10000,0.0019,0,42.34133655972,0,1,9,10,-0.729557554086485,959.270442445914,580,0,0,0,362.69,362.44,311.25,309.96,252.15
2020-12-01,360000,999,638,1,1,1976,29,6,0,1,1,62.5,0,409,68,6.01470588235294,0,0,0,17123.564502,856.1782251,1,638,1,1,1976,0,1,0,10000,0.0019,0,32.5347725538,0,1,9,4,-0.99665890175417,998.003341098246,619,0,0,0,364.24,366.74,313.19,313.57,252.15
2020-12-01,370000,985,718,2,1,1966,28,-4,1,1,1,62.5,0,472,69,6.84057971014493,0,0,0,57574.7217144,2878.73608572,1,718,2,1,1966,0,1,0,10000,0.0019,0,109.39197125736,0,1,9,4,-0.948361580012171,984.051638419988,605,0,0,0,364.24,366.74,313.19,313.57,252.15
2020-12-01,245000,992,630,1,1,1958,38,-4,1,1,1,62.5,0,686,112,6.125,0,0,0,22667.822496,1133.3911248,1,630,1,1,1958,0,1,0,10000,0.0019,0,43.0688627424,0,1,9,4,-0.97961369164549,991.020386308355,612,0,0,0,364.24,366.74,313.19,313.57,252.15
2020-12-01,870000,1006,1244,3,2,1922,50,-4,1,1,1,62.5,0,806,130,6.2,0,0,0,2248.996266,112.4498133,0,0,0,0,0,0,1,0,10000,0.0019,0,4.2730929054,0,1,9,4,-0.999250011239684,1005.00074998876,626,0,0,0,364.24,366.74,313.19,313.57,252.15
2021-01-01,535000,1035,839,2,2,1971,32,13,0,1,1,62.5,0,773,103,7.50485436893204,0,0,0,21469.5104184,1073.47552092,1,839,2,2,1971,0,1,0,10000,0.0019,0,40.79206979496,0,1,9,8,-0.858763958275803,1034.14123604172,655,0,0,0,368.61,370.78,315.63,316.7,252.15
2021-01-01,290000,1015,498,1,1,1961,18,16,0,1,0,47,0,285,55,5.18181818181818,0,0,0,8412.0353856,420.60176928,1,498,1,1,1961,0,1,0,10000,0.0019,0,15.98286723264,0,0,5,8,-0.981306470271609,1014.01869352973,635,0,0,0,368.61,370.78,315.63,316.7,252.15
2021-01-01,235000,1033,630,1,1,1958,38,-4,1,1,1,62.5,0,286,55,5.2,0,0,0,22667.822496,1133.3911248,1,630,1,1,1958,0,1,0,10000,0.0019,0,43.0688627424,0,1,9,8,-0.875891705144244,1032.12410829486,653,0,0,0,368.61,370.78,315.63,316.7,252.15
2021-01-01,367000,1041,698,2,1,1987,16,14,0,1,0,47,0,755,119,6.34453781512605,0,0,0,7824.0625056,391.20312528,1,698,2,1,1987,0,1,0,10000,0.0019,0,14.86571876064,0,0,5,8,-0.801361088174677,1040.19863891183,661,0,0,0,368.61,370.78,315.63,316.7,252.15
2021-01-01,460000,1015,730,1,1,1973,39,8,0,1,1,62.5,0,404,64,6.3125,0,0,0,18299.769444,914.9884722,1,730,1,1,1973,0,1,0,10000,0.0019,0,34.7695619436,0,1,9,8,-0.981306470271609,1014.01869352973,635,0,0,0,368.61,370.78,315.63,316.7,252.15
2021-01-01,478000,1016,868,2,2,1971,51,-4,1,1,1,62.5,0,624,108,5.77777777777778,0,0,0,43153.7189292,2157.68594646,1,868,2,2,1971,0,1,0,10000,0.0019,0,81.99206596548,0,1,9,8,-0.977848341505657,1015.02215165849,636,0,0,0,368.61,370.78,315.63,316.7,252.15
2021-01-01,370000,1026,644,1,1,1976,36,-4,1,1,1,62.5,0,292,56,5.21428571428571,0,0,0,112673.04741,5633.6523705,1,644,1,1,1976,0,1,0,10000,0.0019,0,214.078790079,0,1,9,8,-0.927541683579198,1025.07245831642,646,0,0,0,368.61,370.78,315.63,316.7,252.15
2021-01-01,2150000,1044,4229,7,5,1929,121,-4,1,1,1,77.5,1,786,129,6.09302325581395,0,1,0,21859.4930796,10929.7465398,0,0,0,0,0,0,0,0,0,0,7500,2,1,0,9,8,-0.769414826883939,1043.23058517312,664,0,21859.4930796,0,368.61,370.78,315.63,316.7,252.15
2021-02-01,325000,1063,744,2,1,1974,28,-4,1,1,1,43,0,289,55,5.25454545454545,0,0,0,13331.814606,266.63629212,1,744,2,1,1974,0,0,1,15000,0.0028,0,37.3290808968,0,0,6,6,-0.523415607365551,1062.47658439263,683,0,0,0,368.61,370.78,315.63,316.7,252.15
2021-02-01,665000,1051,1179,2,2,1969,86,-4,1,1,1,62.5,0,294,55,5.34545454545455,0,0,0,35743.6049256,1787.18024628,1,1179,2,2,1969,0,1,0,10000,0.0019,0,67.91284935864,0,1,9,6,-0.687052767223668,1050.31294723278,671,0,0,0,368.61,370.78,315.63,316.7,252.15
2021-02-01,365000,1072,629,1,1,1961,30,8,0,1,1,62.5,0,581,95,6.11578947368421,0,0,0,29478.6754812,1473.93377406,1,629,1,1,1961,0,1,0,10000,0.0019,0,56.00948341428,0,1,9,6,-0.38566340624361,1071.61433659376,692,0,0,0,368.61,370.78,315.63,316.7,252.15
2021-02-01,455000,1069,809,2,1,1961,30,-4,1,1,1,62.5,0,290,55,5.27272727272727,0,0,0,29478.6754812,1473.93377406,1,809,2,1,1961,0,1,0,10000,0.0019,0,56.00948341428,0,1,9,6,-0.432775592550432,1068.56722440745,689,0,0,0,368.61,370.78,315.63,316.7,252.15
2021-02-01,1260000,1058,1580,2,3,1937,54,-4,1,1,1,85.5,1,299,54,5.53703703703704,0,1,0,5517.6423984,2758.8211992,0,0,0,0,0,0,0,0,0,0,7500,2,1,0,9,6,-0.594726686960765,1057.40527331304,678,0,5517.6423984,0,368.61,370.78,315.63,316.7,252.15
2021-02-01,330000,1065,681,1,1.5,1972,27,-4,1,1,1,62.5,0,287,55,5.21818181818182,0,0,0,25624.7976996,1281.23988498,1,681,1,1.5,1972,0,1,0,10000,0.0019,0,48.68711562924,0,1,9,6,-0.493775550159979,1064.50622444984,685,0,0,0,368.61,370.78,315.63,316.7,252.15
2021-03-01,2300000,1093,3862,4,4.5,1990,109,-4,1,1,1,85.5,1,301,55,5.47272727272727,0,0,1,14908.5350172,14908.5350172,0,0,0,0,0,0,0,0,0,0,10000,1,1,0,9,9,-0.034421611622749,1092.96557838838,713,14908.5350172,0,0,368.61,370.78,315.63,316.7,252.15
2021-03-01,1750000,1086,3346,4,4,1957,99,-4,1,1,1,85.5,1,100,18,5.55555555555556,0,0,1,10010.1977712,10010.1977712,0,0,0,0,0,0,0,0,0,0,10000,1,1,0,9,9,-0.154308820664284,1085.84569117934,706,10010.1977712,0,0,368.61,370.78,315.63,316.7,252.15
2021-03-01,300000,1104,642,2,1,1966,17,-4,1,1,0,47,0,284,55,5.16363636363636,0,0,0,7738.8081804,386.94040902,1,642,2,1,1966,0,1,0,10000,0.0019,0,14.70373554276,0,0,5,9,0.154308820664279,1104.15430882066,724,0,0,0,368.61,370.78,315.63,316.7,252.15
2021-03-01,455000,1078,991,2,2,1969,16,-4,1,1,1,62.5,0,293,55,5.32727272727273,0,0,0,48299.4626004,2414.97313002,1,991,2,2,1969,0,1,0,10000,0.0019,0,91.76897894076,0,1,9,9,-0.288482432880611,1077.71151756712,698,0,0,0,368.61,370.78,315.63,316.7,252.15
2021-03-01,385000,1082,718,2,1,1966,28,-4,1,1,1,62.5,0,291,55,5.29090909090909,0,0,0,57574.7217144,2878.73608572,1,718,2,1,1966,0,1,0,10000,0.0019,0,109.39197125736,0,1,9,9,-0.221921513004166,1081.778078487,702,0,0,0,368.61,370.78,315.63,316.7,252.15
2021-03-01,308000,1089,534,1,1,1961,30,-4,1,1,1,62.5,0,287,55,5.21818181818182,0,0,0,29478.6754812,1473.93377406,1,534,1,1,1961,0,1,0,10000,0.0019,0,56.00948341428,0,1,9,9,-0.103101697447436,1088.89689830255,709,0,0,0,368.61,370.78,315.63,316.7,252.15
2021-03-01,170000,1100,400,0,1,1956,27,-4,1,1,1,62.5,0,242,48,5.04166666666667,0,0,0,29984.7795192,1499.23897596,1,400,0,1,1956,0,1,0,10000,0.0019,0,56.97108108648,0,1,9,9,0.0859647987374431,1100.08596479874,720,0,0,0,368.61,370.78,315.63,316.7,252.15
2021-03-01,280000,1076,563,1,1,1975,32,-4,1,1,1,62.5,0,291,55,5.29090909090909,0,0,0,14928.0050304,746.40025152,1,563,1,1,1975,0,1,0,10000,0.0019,0,28.36320955776,0,1,9,9,-0.321269661692366,1075.67873033831,696,0,0,0,368.61,370.78,315.63,316.7,252.15
2021-03-01,480000,1077,865,2,2,1968,39,-4,1,1,1,62.5,0,339,52,6.51923076923077,0,0,0,34825.4237232,1741.27118616,1,865,2,2,1968,0,1,0,10000,0.0019,0,66.16830507408,0,1,9,9,-0.304921224656291,1076.69507877534,697,0,0,0,368.61,370.78,315.63,316.7,252.15
2021-04-01,439000,1119,774,2,1,1976,41,-4,1,1,1,62.5,0,288,55,5.23636363636364,0,0,0,18017.5472532,1801.75472532,1,774,2,1,1976,1,0,0,7500,9e-04,0,16.21579252788,0,1,9,2,0.40148798920597,1119.40148798921,739,0,0,0,368.61,370.78,315.63,316.7,252.15
2021-04-01,195000,1120,360,0,1,1966,28,-4,1,1,1,62.5,0,272,52,5.23076923076923,0,0,0,51588.5575392,2579.42787696,1,360,0,1,1966,0,1,0,10000,0.0019,0,98.01825932448,0,1,9,2,0.417193602612314,1120.41719360261,740,0,0,0,368.61,370.78,315.63,316.7,252.15
